storeId,departmentId,ma,ar,nDiff,shapiroStat,ShapiroValue,ljungStat,ljungValue
1,1,52,60,1,0.9359761554715195,4.635699678459623e-06,14.850945718749365,0.9999999996101918
1,2,52,52,0,0.8883309157037222,5.760417915056629e-09,15.42459018315295,0.9999998199034816
1,3,55,60,0,0.7033764508288053,1.2277038897590494e-15,24.525090633381225,0.9999867690460369
